,clube,Goal_diff_geral,xG_diff_geral
5,Fortaleza,-0.15454545454545454,0.22873583763167749
