,clube,Goal_diff_geral,xG_diff_geral
6,Fortaleza,-0.13095238095238093,0.11718133728529878
