,clube,Goal_diff_geral,xG_diff_geral
7,Fortaleza,-0.13095238095238093,0.08383982086183317
