,clube,Goal_diff_geral,xG_diff_geral
4,Fortaleza,-0.05303030303030298,0.17798086324414353
