,clube,Goal_diff_geral,xG_diff_geral
5,Fortaleza,-0.13095238095238093,0.17802665386554062
