,clube,Goal_diff_geral,xG_diff_geral
5,Fortaleza,-0.11538461538461531,0.16187201194556233
