,clube,Goal_diff_geral,xG_diff_geral
6,Fortaleza,-0.13095238095238093,0.16249285967447236
