,clube,Goal_diff_geral,xG_diff_geral
5,Fortaleza,-0.09090909090909083,0.18798013417481174
8,Atlético-GO,-0.5000000000000001,0.02295907434350153
