,clube,Goal_diff_geral,xG_diff_geral
4,Fortaleza,-0.30000000000000004,0.20971325546149333
8,Atlético-GO,-0.6,0.07657455779252365
