,clube,Goal_diff_geral,xG_diff_geral
7,Fortaleza,-0.08333333333333326,0.1321448847166975
