,clube,Goal_diff_geral,xG_diff_geral
3,Fortaleza,-0.46825396825396814,0.3082567391112381
7,Atlético-GO,-0.25,0.06778234774186553
