,clube,Goal_diff_geral,xG_diff_geral
3,Fortaleza,-0.8333333333333335,0.4895977647964045
7,Avaí,-0.41666666666666674,0.045836163364642246
