,clube,Goal_diff_geral,xG_diff_geral
4,Fortaleza,-0.37777777777777777,0.27322210515697787
6,Atlético-GO,-0.5055555555555555,0.15382562352981166
