,clube,Goal_diff_geral,xG_diff_geral
3,Fortaleza,-0.38888888888888873,0.25922278143583166
8,Atlético-GO,-0.4444444444444444,0.0793892325537322
