,clube,Goal_diff_geral,xG_diff_geral
7,Fortaleza,-0.1785714285714286,0.05811155128453116
