,clube,Goal_diff_geral,xG_diff_geral
3,Fortaleza,-0.36111111111111105,0.26201921252753824
9,Atlético-GO,-0.32638888888888884,0.030450508000782417
