,clube,Goal_diff_geral,xG_diff_geral
6,Fortaleza,-0.1428571428571428,0.12395684316403965
