,clube,Goal_diff_geral,xG_diff_geral
6,Fortaleza,-0.13095238095238093,0.11913606155387213
10,Atlético-GO,-0.5690476190476191,0.00940246308804249
