,clube,Goal_diff_geral,xG_diff_geral
7,Fortaleza,-0.13095238095238093,0.08267460508329605
9,Atlético-GO,-0.5690476190476191,0.011580965879298466
