,clube,Goal_diff_geral,xG_diff_geral
3,Fortaleza,-1.666666666666667,1.2170506920137025
7,Avaí,-0.8333333333333335,0.140512062604345
