,clube,Goal_diff_geral,xG_diff_geral
7,Bahia,-0.41666666666666674,0.10197863221123482
9,Cuiabá,-0.742857142857143,0.007806358276893022
