,clube,Goal_diff_geral,xG_diff_geral
4,Bahia,-0.4583333333333335,0.271429785053511
