,clube,Goal_diff_geral,xG_diff_geral
4,Bahia,-0.625,0.3909665317710418
6,Athletico-PR,-0.125,0.14028748666924473
