,clube,Goal_diff_geral,xG_diff_geral
3,Bahia,-0.5,0.5250605142678697
7,Santos,-0.25,0.08831142745037712
