,clube,Goal_diff_geral,xG_diff_geral
3,Bahia,-0.5249999999999999,0.336775668628738
6,Athletico-PR,-0.07499999999999996,0.2113767240215476
