,clube,Goal_diff_geral,xG_diff_geral
5,Bahia,-0.6666666666666667,0.1902036560973004
8,América-MG,-1.8333333333333333,0.010744958235125335
